{
  "project_info": {
    "project_number": "521640749805",
    "project_id": "mvvmhowistagram-2012b",
    "storage_bucket": "mvvmhowistagram-2012b.appspot.com"
  },
  "client": [
    {
      "client_info": {
        "mobilesdk_app_id": "1:521640749805:android:b1c0e73fbf4e849d867ae4",
        "android_client_info": {
          "package_name": "com.howlab.mvvmhowistagram"
        }
      },
      "oauth_client": [],
      "api_key": [
        {
          "current_key": "AIzaSyAA9unMW5WZM6WkGyKToEaFGzd0QMfwEJo"
        }
      ],
      "services": {
        "appinvite_service": {
          "other_platform_oauth_client": []
        }
      }
    }
  ],
  "configuration_version": "1"
}